latitude,longitude,ndvi,building_density,population_density,dist_to_water_km,elevation_m,land_surface_temp_c,uhi_intensity,vegetation_health,temp_category
40.64227256031661,-73.86903705037717,0.5421219292412071,0.24828258338252795,8465.850471101874,2.69807053535734,6.514811669235483,23.27908591485454,1.6746356163890113,Dense,Cool
40.895904437681644,-73.95958296012354,0.23393737498232162,0.056500970936666214,4751.840454989915,2.828785664175357,18.926247925962542,26.69094601003524,5.086495711569711,Low,Hot
40.799623733185385,-74.08616692078083,0.2267491682872869,0.2927241340819584,279.2164247741371,1.866447590666334,36.973676773092855,23.13164787260279,1.5271975741372614,Low,Cool
40.74092946474354,-73.80443272248974,0.5059363022949191,0.36844392566912965,2167.322801782374,0.36493273899843465,0.0,22.80513850245553,1.2006882039900013,Dense,Cool
40.54607940552276,-73.87654069389416,0.4437587635706035,0.6876676010409156,17473.183249327318,3.193246286322692,9.540362739514588,29.29358608277546,7.689135784309929,Moderate,Hot
40.546068787852,-74.16824591598801,0.2671651068980797,0.39594703337074505,7296.411781068914,2.5467267491615893,0.0,30.762893136805207,9.158442838339678,Low,Hot
40.50296840607644,-73.75016498202329,0.28560492892054545,0.2858256767550535,143.23964016030328,0.18014653022935007,28.054635454156116,20.323958829302036,-1.2804914691634934,Low,Cool
40.858690739370125,-73.79954844237882,0.10098022139241045,0.2377918640353653,4026.5985106343273,1.2465327522553158,38.38205817971704,20.56261741500989,-1.0418328834556405,Low,Cool
40.74201082816936,-73.7284467884438,0.019423580003928104,0.5145154289459406,1846.8654470668075,0.3822662889634506,17.248850190619358,27.20383544217309,5.599385143707561,Sparse,Hot
40.78909354874582,-73.85364051066342,0.2896976407803944,0.3729292918046265,441.1671810288211,0.8234001474831347,4.9171997822705436,25.398668707416615,3.7942184089510853,Low,Moderate
40.48646129438902,-73.91638493003067,0.4086519779371265,0.5070662862094222,4927.228525270927,0.1,5.35630322818197,26.2720491360803,4.667598837614772,Moderate,Moderate
40.90435431692171,-74.02542761562444,0.5089478597059264,0.16321898033527665,1425.6643959451774,1.0227511112708063,15.54414188190886,22.15876389230573,0.5543135938401988,Dense,Cool
40.843841250480345,-73.73798459635012,0.5283480965254529,0.3137857057914457,1438.9931434020575,1.596468450145319,15.486919319127125,24.84932886048611,3.244878562020581,Dense,Moderate
40.57087167652058,-73.77523010493613,0.5287292616833962,0.5603972633832346,3590.5751502735457,1.9329723783534145,33.677476677700554,19.87219680272954,-1.7322534957359892,Dense,Cool
40.55743935056457,-74.23383632901168,0.4298706805643857,0.11090008077861274,1165.8120987775274,2.178256876538937,9.966859483354805,20.747835157878086,-0.8566151405874436,Moderate,Cool
40.55813466523748,-74.24436877134839,0.17694515460543622,0.180819548517074,3441.2971259806213,3.61933346010736,26.526175072787893,25.50796970314925,3.9035194046837205,Low,Moderate
40.61132743535079,-74.04876991692524,0.20142579997559076,0.3405690145617908,1224.163050698118,0.48532285186567475,15.417949561281974,22.719268514938626,1.1148182164730969,Low,Cool
40.70839778120451,-73.80624385409219,0.2109188893617602,0.6469553447712854,1329.1671327273389,0.2567620939099304,8.828645671402441,24.52084890020477,2.916398601739239,Low,Moderate
40.66754219720626,-73.70750882655175,0.2536415793911737,0.7297761465545595,13218.79096119712,3.814841335769123,15.044359049885337,33.195034027761324,11.590583729295794,Low,Hot
40.60559906751518,-74.17506208294046,0.28053865470974426,0.197531146434561,15398.223961418526,0.3406582642177229,25.0480757280647,22.256130795019075,0.6516804965535457,Low,Cool
40.74673764425679,-73.92715916933277,0.06566030476823972,0.5400646030354341,229.75617301747673,7.358656927652032,33.724000848225536,27.54107673800768,5.936626439542149,Sparse,Hot
40.538805197459034,-74.04629627840025,0.5437221312606287,0.7198467033287669,9141.769687381111,3.697145153039615,16.220402192622654,26.93513828777423,5.3306879893087,Dense,Hot
40.60600207428521,-73.71720882594099,0.12868556457951402,0.5512237456366944,24291.614972949108,1.3898038620271855,1.940928038033455,34.600695041929036,12.996244743463507,Low,Hot
40.638672483417885,-73.78860815764408,0.27315903321205226,0.39922353201206545,30824.50366209069,7.97149247942405,34.995722048981605,29.057939106184275,7.453488807718745,Low,Hot
40.67816200705234,-73.79072575267789,0.2600761747915936,0.428503953083398,6506.582194601765,0.204900019712895,6.527459252718282,26.86464757093199,5.26019727246646,Low,Hot
40.82303445820521,-73.99724113162256,0.2930310278160031,0.22615038479068714,610.2710564970553,0.7221284431219743,23.912347515162992,20.768972180170078,-0.8354781182954518,Low,Cool
40.56529639890611,-74.02734034404395,0.40771192438114523,0.2707293486479752,7669.228177283588,2.0334623808889725,19.627509984443684,24.8919233431842,3.28747304471867,Moderate,Moderate
40.703765999789674,-74.10634746891232,0.08977895873013897,0.32230711592677497,809.2609851332954,0.8615869660601952,17.621448614806717,23.685900255255333,2.081449956789804,Sparse,Moderate
40.73818089321307,-74.22760301002113,0.18367456845123833,0.31268606800236065,1782.1080686292141,5.272553852505299,12.6953554971799,29.488342234943424,7.8838919364778945,Low,Hot
40.49784747167934,-73.77597960838631,0.6002738332659592,0.296723063543222,5295.555885207686,0.1357571740175722,29.302231706231957,18.8234592809194,-2.7809910175461283,Dense,Cool
40.744841243807016,-73.80493220619903,0.16844689084343892,0.16990831646513965,891.4603672592801,1.5944030195725716,0.0,21.954398796446597,0.3499484979810674,Low,Cool
40.55246471924715,-73.70055773593504,0.23470672262047207,0.7116140714405923,534.0019763179675,1.7874264035996057,37.04705762550556,23.504564607580665,1.9001143091151356,Low,Moderate
40.50603571123212,-73.7022789991268,0.3412906405276117,0.363910286900479,5994.873568429553,2.115294601700578,6.31238338408947,25.68657010745589,4.08211980899036,Moderate,Moderate
40.89509941349892,-73.94878030607981,0.38869428444789766,0.2974438258032087,49061.81469702436,0.5905314403938807,26.119353646259718,32.794332783955376,11.189882485489846,Moderate,Hot
40.90247122095942,-73.82946673113865,0.25146643724305007,0.13004869219430593,19242.015909253412,0.9068954435561553,25.325384269023935,23.650250886100416,2.0458005876348864,Low,Moderate
40.833256512640865,-73.73125938671468,0.4154389978194186,0.5064800648214881,8610.858288896949,3.711706958062573,39.12466073031227,22.522958279481912,0.9185079810163828,Moderate,Cool
40.61149098119012,-73.78440200282853,0.3217251991743728,0.2318431659857204,12949.055801450004,0.43368381928731536,22.96623703307104,25.76815362470937,4.163703326243841,Moderate,Moderate
40.520395264585616,-74.12090661555608,0.1363992056708073,0.26298827354502285,7758.7711662481015,3.5074001738557503,7.563362290489321,25.97301641008893,4.368566111623402,Low,Moderate
40.778599378270656,-74.00738099160225,0.14159788952465743,0.26066380429200503,5853.823661807603,1.654067777301316,0.0,27.16052316847941,5.556072870013882,Low,Hot
40.67115512774417,-74.18693863475487,0.358812704603511,0.5252878989836072,11475.008313287373,2.87254555599435,14.767952676905383,27.297728154834154,5.693277856368624,Moderate,Hot
40.53112123097868,-73.72607169107056,0.1993845374267448,0.4475995446174217,382.77806708417444,2.500783128840204,0.0,27.743837450641955,6.139387152176425,Low,Hot
40.69537687583098,-73.9204302317323,0.43445123017328346,0.07967352689411555,4020.766958709332,0.465154557106832,10.572714405338665,20.857118234165945,-0.7473320642995844,Moderate,Cool
40.49253782699492,-74.13135726456522,0.15728998838122046,0.6452433883172388,2640.1148279609993,1.6824255940157744,15.610540695046922,26.03083053593722,4.42638023747169,Low,Moderate
40.87768284099508,-73.88382082762244,0.4956479903893425,0.48629382157905615,3355.4938833268766,4.0457164509639645,9.65126032956613,26.18375163817878,4.5793013397132505,Moderate,Moderate
40.59131494790033,-73.91375175205617,0.20460448381037963,0.40482703227939365,1492.1027980384392,1.1316770469199746,20.626604860473684,23.249731140458955,1.6452808419934257,Low,Cool
40.769042309572626,-74.05899448943505,0.5772509034674552,0.21090031863600947,6507.637506832055,6.797846153110519,16.458439836211884,22.662047493198138,1.0575971947326082,Dense,Cool
40.61461521569456,-74.19565537323807,0.3287312432057884,0.6083865150544945,874.0241313097384,1.203745175046877,15.08470188006827,27.13037635223675,5.525926053771219,Moderate,Hot
40.70633394292248,-73.88389205562231,0.40033177301409095,0.3781533486404644,1338.3832115360212,0.3081345188387388,0.0,25.220152881525408,3.6157025830598784,Moderate,Moderate
40.71806186496691,-73.96840408750505,0.21073882959355542,0.268514084205919,1117.8697335417526,0.986739994030154,0.5794222897167636,28.235429176886832,6.630978878421303,Low,Hot
40.55877293132234,-73.8276057145373,-0.014373387054817874,0.1369791414024932,10893.482525079793,6.060747082630013,29.639850977823137,29.357898370227577,7.7534480717620475,Sparse,Hot
40.90421115314196,-73.96848465192873,0.28399515674474485,0.3486246796743361,2928.9953087957347,0.7705040987476135,32.06384409421167,20.6822380483526,-0.9222122501129313,Low,Cool
40.818613468843566,-73.78298619577204,0.21634792419919072,0.6738450100849654,1493.3116108134682,4.051394536772452,0.0,29.78120011755518,8.17674981908965,Low,Hot
40.89096743407656,-73.9507496491767,0.2295746204913061,0.2896125412250208,1702.5041191221178,4.26148115312587,7.779227281488026,25.070954573580863,3.4665042751153337,Low,Moderate
40.871302999658255,-73.94570395530319,0.021353985951121368,0.1154491073154103,2998.360520256678,0.8621398355684187,36.07948051398691,20.467242331642925,-1.1372079668226043,Sparse,Cool
40.74059557067264,-73.76931363219478,0.43060156876974054,0.28559311845739777,33970.99591818929,0.17385765108647663,9.229417798922764,28.556133300270307,6.951683001804778,Moderate,Hot
40.88320903825718,-74.03367412264714,0.5700691443936813,0.2722854474804713,466.48202852352097,2.5787557381345962,18.327638193123317,23.09536929814173,1.4909189996762002,Dense,Cool
40.516354399403255,-74.18422569186463,0.6434764189335861,0.38881517496775053,8211.287380265172,0.7465156489292196,41.62707993523862,20.450256071512854,-1.1541942269526757,Dense,Cool
40.56367165603691,-74.24301911874375,0.34806778851021225,0.21073591174004622,6049.87873514615,3.055011958704697,14.576340328349094,22.67337965901709,1.0689293605515608,Moderate,Cool
40.49730905257842,-73.83720481525515,0.14383917985040928,0.24523158063213166,792.7848729765026,1.169141137912172,12.429208847193262,24.097370341002474,2.4929200425369444,Low,Moderate
40.620610411601994,-73.91253305365882,0.4946609706560522,0.1233509475374472,26911.52561180732,1.3282129175905413,17.644449641110555,25.850484659008977,4.246034360543447,Moderate,Moderate
40.64849574292131,-73.86573063356296,0.2607292292651052,0.46765458163549,6693.6907078615195,3.0093398052832545,47.801161968497425,21.24971682210002,-0.3547334763655101,Low,Cool
40.59684784378687,-74.14011692296498,0.3757210596939843,0.2365556630580888,1391.8652668522147,0.9637098175061024,26.6930275443422,22.57424925635885,0.969798957893321,Moderate,Cool
40.84221025152868,-74.18290925658968,0.17049859112313018,0.19680198368863777,183.25525391032807,1.1708373846893574,20.28622441669652,23.06716793521575,1.4627176367502202,Low,Cool
40.63444281441052,-74.25097389529135,0.13250595970929924,0.6040283363767857,4203.69950777644,0.9438203912405833,12.134600664776247,25.577420079886192,3.9729697814206624,Low,Moderate
40.60106737116439,-74.06322673089475,0.3562378225550915,0.6725280530872257,2787.447615276935,0.9156458808112565,28.082253922716845,22.22159241866035,0.6171421201948206,Moderate,Cool
40.716294815806265,-73.92951298835432,0.41545169629119816,0.46750165743796124,635.1940883277567,1.4928705133581326,29.895496548961976,24.01631671112902,2.411866412663489,Moderate,Moderate
40.539434843833895,-74.03995325200279,0.33356644407426017,0.7030882752687326,623.019852839978,3.308864746080694,3.902322357867952,27.367582658621284,5.763132360155755,Moderate,Hot
40.83052711092793,-74.01468276106534,0.43967927151952435,0.6116214551178315,10968.302495437503,0.8981078282052648,30.2994228791924,26.550594727256303,4.946144428790774,Moderate,Hot
40.510217193347835,-73.75394653738634,0.4787377988421435,0.34695811292238765,158.61147192397274,1.485745390324972,17.73271570064854,24.611402926133678,3.0069526276681486,Moderate,Moderate
40.91182762949155,-74.06452967057409,0.26964072195451405,0.16663373955429206,4776.312730955582,2.221738146866819,20.3719795194291,25.405282738655142,3.8008324401896125,Low,Moderate
40.81734214744439,-73.97193407240641,0.462269842818835,0.2808082691933328,2250.357872586897,0.6278863154685153,6.735664955175226,22.276991489417195,0.6725411909516659,Moderate,Cool
40.56487464301134,-73.82127306178153,0.44962054318319855,0.23233831503880623,6283.813010765927,0.6501388467448871,14.00026958256635,19.232099932685323,-2.372350365780207,Moderate,Cool
40.47983083595781,-74.03755154751711,0.28754995725808374,0.5063922109879807,1917.0493483636553,5.418495646634623,4.5478660216575655,28.845319155489744,7.240868857024214,Low,Hot
40.83636612080582,-73.91154016058269,0.5521906912182353,0.32006864988817685,4628.149762545024,2.5713390100198144,3.8267274482554896,27.468877636944367,5.864427338478837,Dense,Hot
40.788558602761725,-73.7772973959232,0.055369826869230004,0.08233891474148136,978.3208984169299,1.7216490245853626,25.656353306401694,23.488843117570205,1.8843928191046757,Sparse,Cool
40.798308955371645,-73.72860282756248,0.19289725539681515,0.2971673433182684,2768.8646063237493,2.0866582390520376,14.673251518353375,22.3848796274918,0.7804293290262692,Low,Cool
40.816913206611154,-74.17693004620494,0.4463100232279257,0.20488791496699088,6208.19714042399,0.1,0.5054349520637622,22.887625492211786,1.2831751937462563,Moderate,Cool
40.50999445569335,-73.74141549382227,0.6075203646131028,0.36736701696645296,3738.006799045774,1.925208500128257,52.65578971232564,18.51306591138441,-3.0913843870811206,Dense,Cool
40.63519661370519,-73.98415462705647,0.3109136701070472,0.5899573824773858,5273.556457790173,1.42469618060364,3.1301744102609526,25.859494023712,4.25504372524647,Moderate,Moderate
40.528405560002966,-74.11481886025737,0.3328757873295122,0.13402447068447151,741.0870174240274,1.5782137335253004,36.38154441529001,16.594379402219356,-5.010070896246173,Moderate,Cool
40.85733812807044,-74.00258085298968,0.14573300251753177,0.6599291399464172,1229.0393871397469,0.8907744741041437,0.0,28.33812977869558,6.733679480230052,Low,Hot
40.75177583542949,-73.71155580018801,0.45874809397664307,0.3900560758694211,1261.4160791008337,0.16996991269055423,26.847535027516933,20.14555200328069,-1.458898295184838,Moderate,Cool
40.62306131054014,-73.98387427088619,0.33927747800331143,0.5103238704564583,1968.9690632771278,0.429704125842742,16.241594470719633,26.991247318566963,5.386797020101433,Moderate,Hot
40.50537838579591,-74.07542647533238,0.4559020801953265,0.23905665388537992,22876.702290060643,6.021477142379205,10.564149029623929,29.468337639963202,7.863887341497673,Moderate,Hot
40.614294418019234,-73.90521894269325,0.3575078674811367,0.35494995357198333,1752.3830206523094,1.0508620717461732,22.95113485648559,23.554799281285387,1.9503489828198575,Moderate,Moderate
40.620545698356175,-74.12493064278863,0.3663645510294651,0.655025066121473,536.282358359975,1.2572791541663808,20.933897844939985,24.463111037510217,2.858660739044687,Moderate,Moderate
40.79857263970442,-74.2167151585857,0.2863223045999397,0.6265713915856669,6717.481132491826,0.10829956126922825,7.813022244769323,27.225793650131312,5.621343351665782,Low,Hot
40.75805279889057,-74.18709489936852,0.2953151250832242,0.3898109816984186,22470.646740225842,0.1,7.133916788194998,26.32863362620717,4.724183327741642,Low,Moderate
40.8679510492821,-74.1875607897743,0.4129152504452044,0.3104322495440929,449.5208430385073,2.5258994852186585,0.0,23.351875947088022,1.7474256486224924,Moderate,Cool
40.68526901005629,-74.17423196513468,0.34687730224922253,0.4391782300074987,50000.0,1.5447906191809193,24.58346576535577,34.80702174708512,13.202571448619594,Moderate,Hot
40.530045387062046,-74.18153725864077,0.19292719739324857,0.42503117816818925,5556.72899285598,1.4214250405054087,1.1929275934998742,28.023728003932355,6.4192777054668255,Low,Hot
40.791370355335566,-73.90104328007844,0.16540226735847344,0.7091995486864402,14056.443526305755,0.5571130885180214,20.059624347757737,28.41810159117147,6.813651292705941,Low,Hot
40.81229757840116,-74.1574835968462,0.10941972646230963,0.2299114681091928,26919.533448308815,2.731029376536591,28.887169761810746,30.094072260904472,8.489621962438942,Low,Hot
40.72447422237009,-74.06597568880696,0.137030086506763,0.22729592451533787,12822.112058543451,0.3684144569720761,23.120825477360814,26.462874812257457,4.8584245137919275,Low,Moderate
40.816779752616,-73.75806431538551,0.21890930133057993,0.30715038344302403,2525.5057141531893,0.42128094235850155,9.153030529741125,27.87840840046559,6.273958102000062,Low,Hot
40.69476882151961,-73.99429763158514,0.41594052118175806,0.17135085996495755,18518.901946323535,1.2350116913666331,33.63218617024953,23.903248124087117,2.2987978256215875,Moderate,Moderate
40.70750699149396,-73.8861354914883,0.10174438755749379,0.4753667547483039,4367.297408594855,0.674528714445267,13.880427828481206,25.267165120857907,3.6627148223923776,Low,Moderate
40.66560355628143,-74.16282488795966,0.14831436068775777,0.09724021040199148,15301.82050200777,0.568610178389107,0.0,27.56805084213249,5.96360054366696,Low,Hot
40.488589499592756,-74.1516681251916,0.2495434561032789,0.7444542237743117,18030.37700175157,2.0726142698923598,15.744087433200834,31.449699926478115,9.845249628012585,Low,Hot
40.52489380616245,-74.23626670409192,0.11471772611552025,0.4546751139383813,580.3637807056467,2.105204801595098,28.801960669770892,26.592276481810767,4.987826183345238,Low,Hot
40.491235127539305,-74.16471598026159,0.14793867209822262,0.5405741676044546,9812.885990863522,3.480427009247818,9.883785283848097,27.35179999506093,5.7473496965954,Low,Hot
40.75754786303832,-74.10345157758285,0.2074535030294354,0.07800232459848021,2269.153474564534,1.0815684250969353,33.17273622455457,21.866287287599032,0.26183698913350284,Low,Cool
40.6157795028698,-74.16020424243459,0.13061474607965637,0.5249536295680731,3667.574983386734,0.15178701891825902,8.44510902173524,25.72381902148696,4.119368723021431,Low,Moderate
40.7012728182507,-74.20954189438994,0.49246763398631144,0.4511585811569636,3607.0268446947844,0.6394916896100027,10.48680209471709,22.909733532394377,1.3052832339288472,Moderate,Cool
40.876910761822266,-74.1917007388161,0.11165755796115412,0.4695045002292249,3396.3456588424865,7.8245924051678735,4.308814762201209,32.353209832183516,10.748759533717987,Low,Hot
40.587138439271335,-74.00166290230013,0.26024514532739096,0.34904663100690725,29298.393622851665,1.8139612872745312,30.25564305362044,29.872786495415717,8.268336196950187,Low,Hot
40.658050562720284,-74.14382135152668,-0.028040898482823165,0.5432537158550497,383.87944564293065,2.4739363251690256,19.201361448661963,26.860228698043453,5.255778399577924,Sparse,Hot
40.80999361118665,-74.05558242863245,0.30345684288384145,0.20370288956683835,225.08654320002051,0.1,5.303570783840385,23.12245979302614,1.5180094945606122,Moderate,Cool
40.57811695244941,-73.9778407707734,0.49573560931010596,0.46876571485846763,164.03255143714887,1.4604761726073825,14.056844865783447,22.39994683200145,0.7954965335359212,Moderate,Cool
40.511286556306636,-73.87337640924477,-0.04344463193394154,0.12720027908759485,14819.755428355282,0.1,0.0,33.46226430060331,11.85781400213778,Sparse,Hot
40.60494858957264,-74.23713630747078,0.2742264623385585,0.1434886225152474,934.3431436062475,1.684362932724262,31.66958545199965,21.946748835934475,0.34229853746894534,Low,Cool
40.54836961064922,-73.81246941012952,0.46209275959442175,0.7356270056456605,3634.6921805317543,5.07082197545743,17.438800407525388,25.97626695329193,4.3718166548264,Moderate,Moderate
40.8866529065612,-73.90829205239143,0.4271283011272585,0.22063722948298103,2509.71458326399,6.910407474595393,0.0,28.847194341162005,7.242744042696476,Moderate,Hot
40.83313459108426,-74.21342122885017,0.029480804606738686,0.177016943707546,788.740436609836,1.5554619601547766,0.0,28.797926341315673,7.193476042850143,Sparse,Hot
40.75622433361589,-73.77103162271155,0.16859490431137222,0.6513204159999777,10691.623424498812,1.2257344368443632,13.676089061635953,31.630252324452535,10.025802025987005,Low,Hot
40.861016951800636,-73.74460858982287,0.24833364902235008,0.6542577027222392,2462.18771232408,5.801465893154947,0.2874386134274438,33.43529417561932,11.83084387715379,Low,Hot
40.83117644825099,-74.22497574382909,0.03551177058958882,0.2887344274126097,2086.8215218932864,2.2393235577695445,31.900239855290877,25.856886821792482,4.252436523326953,Sparse,Moderate
40.55952813992163,-74.10440845798016,0.15899365837075932,0.8793834922494671,4227.250081128702,0.13420206615255953,26.278593289867317,26.764265791178822,5.159815492713292,Low,Hot
40.87030447113529,-73.80867534497962,0.24033795182459253,0.2564029986248046,8788.13791778204,1.2536913450479998,25.393039152768033,24.15695856654921,2.552508268083681,Low,Moderate
40.71481845489127,-73.84104731098265,0.2926494772288307,0.6257401344399443,707.357103098215,0.5495185807953071,0.0,26.3913627474165,4.786912448950972,Low,Moderate
40.83283515630322,-74.1560081064856,0.18884740648897405,0.4373540289808362,11041.073153059064,1.2690182715229748,12.11812378689659,27.13862325888833,5.534172960422801,Low,Hot
40.87185939022632,-74.14213653305178,0.10349470203429365,0.2812534475857119,26233.179447021903,1.2156482199390277,9.535753240864153,32.620352955460284,11.015902656994754,Low,Hot
40.61738512968262,-74.05211723617046,-0.008846325310470957,0.5604541266052759,351.0106085710345,1.7452406493822368,5.689183188431185,28.808480850081597,7.204030551616068,Sparse,Hot
40.525844857177084,-73.98839700817378,0.3299689968580616,0.1206269097509657,4525.34215975931,0.8825073654753502,13.772370782544321,24.510227317300718,2.905777018835188,Moderate,Moderate
40.577737058550966,-73.91368105914603,0.3299101097003836,0.40723182596898716,1886.7606229966032,0.3589004447401423,3.106426893709056,26.065044567980827,4.460594269515298,Moderate,Moderate
40.66541284855328,-74.05298794957237,0.45929946530246313,0.32397392108774653,8508.71210481809,1.4012277122233243,23.22831099425327,21.700990537073604,0.0965402386080747,Moderate,Cool
40.83749009995908,-74.00068185409641,0.01778539842334828,0.5494788616431793,480.58839745033015,3.5463019839466488,31.498270315066577,24.298266617635598,2.693816319170068,Sparse,Moderate
40.856293602749446,-73.84148798686468,0.17588890803465893,0.4096119526243595,34317.384396189664,2.181361025479033,30.205756076355073,29.129147785783232,7.524697487317702,Low,Hot
40.48046032785983,-74.23860509454502,0.3834077789621445,0.47557701525703344,267.24284860627876,0.826091132412211,17.931331224327792,22.81950132174344,1.215051023277912,Moderate,Cool
40.70223096259465,-74.118063479195,0.43299467218799326,0.5359704238726138,2066.4317164944946,5.48289412179431,49.98859544500253,23.10923117582935,1.504780877363821,Moderate,Cool
40.66114432358609,-73.8605515863663,0.5781912014766271,0.3258271599048337,5718.398793577451,4.86556002993148,37.09962671750765,21.223479958529875,-0.3809703399356543,Dense,Cool
40.57517185816922,-73.75894793978416,-0.03621781691326523,0.43851687808748185,1064.749383291058,0.46979572516890744,18.476626944911725,27.575626568694155,5.971176270228625,Sparse,Hot
40.53016473470029,-73.97322581308998,0.44659695073631933,0.7832689323190233,841.2573999666159,0.1,12.765916846977255,24.276969991693747,2.6725196932282174,Moderate,Moderate
40.62601819845188,-73.96180819578227,0.368460987243294,0.4249747446155138,4160.345717397038,2.7042397046466826,40.070407441728804,23.164744978652514,1.5602946801869848,Moderate,Cool
40.892468851662294,-74.19922299726447,0.5529684978143209,0.3230461225624905,3349.7462644208513,3.515994886221401,35.113710241441,21.607476945703972,0.0030266472384425924,Dense,Cool
40.61967393067554,-74.00913071065574,0.05042891298972449,0.603127967106245,3007.6287426241993,6.875591986425547,0.0,34.85630787813837,13.251857579672837,Sparse,Hot
40.705771631691434,-73.96152673323158,0.10384680997597001,0.32260208083709857,10807.901513179964,4.411577383388659,36.287319788431184,25.380613633051627,3.776163334586098,Low,Moderate
40.786868945705656,-74.12363172961928,0.2925254465682038,0.7652384203299908,1649.6046957502454,1.8352570937314852,17.684396979141063,30.042965374268057,8.438515075802528,Low,Hot
40.63746975096737,-74.10867380686858,0.15608671161812884,0.6803948780913888,4814.5072121849835,1.510267901010726,7.086327041099626,27.951553485326293,6.347103186860764,Low,Hot
40.905178472813766,-74.04831133807345,0.5343535645317756,0.28354021186450445,1394.227514158762,0.1,0.0,20.745172922223365,-0.859277376242165,Dense,Cool
40.90106929923352,-74.2478862218016,0.4282077206642123,0.2966707672411723,833.8101772658149,0.5664678186813674,15.96625707953298,21.882360589334077,0.27791029086854735,Moderate,Cool
40.588234566622326,-74.07915437018868,0.31657179666692004,0.5771175303468106,1944.698161781236,1.2309459421440556,19.816586221701122,29.813093512958876,8.208643214493346,Moderate,Hot
40.69628879229383,-74.14096399849103,0.5452848521804681,0.6727476750160885,1410.715383949497,1.9804338261710686,43.80991481165326,22.90838359389083,1.3039332954252991,Dense,Cool
40.60984663198134,-74.0761272293382,0.24477912402388438,0.6139658724646294,1520.4996824259829,1.6295082861616241,34.358507116230285,25.313011765701575,3.708561467236045,Low,Moderate
40.602786785624964,-74.19218889695259,0.37472340660237,0.37181265337008423,17119.802727505146,2.7145276272980667,11.256699179359478,29.08142340107794,7.476973102612412,Moderate,Hot
40.493637634225465,-73.76156240825063,0.1702633650850726,0.39606839593096943,2036.208581121932,0.6563608245050874,25.840135913296052,23.0113217952991,1.4068714968335705,Low,Cool
40.74573021981795,-73.92745989619935,0.3024753347574084,0.3489803831640695,1102.8356347241415,1.6646006118049965,32.393741340092355,22.976639484312035,1.372189185846505,Moderate,Cool
40.69867930602535,-73.87968553429397,0.41039989781879127,0.375298979656533,3109.191989827862,0.18454253940486373,21.28936082025823,22.557521731506732,0.9530714330412025,Moderate,Cool
40.500060946300245,-73.81819002899009,0.16068123765948408,0.26677463398101536,3485.413294965398,1.0677297467383546,11.192687614531941,28.1404767964859,6.5360264980203695,Low,Hot
40.60006017355696,-73.98062034345834,0.26171694908137355,0.8084053546993116,502.5414658377875,2.77387579993001,12.017413156348315,27.879369838162635,6.274919539697105,Low,Hot
40.87721864300252,-74.21053763504555,0.3663865582956175,0.5244934469273203,1905.2920675613625,2.3644281921484147,25.782096056854282,23.63351630223392,2.029066003768392,Moderate,Moderate
40.582855144271605,-73.95901857508598,0.11248243636752772,0.5025145720506611,1793.588272646097,9.343204928369175,26.194708482875704,27.77887811573629,6.174427817270761,Low,Hot
40.54118272269456,-73.93123186736173,0.41691042697421477,0.6614977191899363,2302.575572301458,0.6511587128538595,15.605680763546829,25.069251024191857,3.4648007257263274,Moderate,Moderate
40.69285710507418,-73.84262296577322,0.37628945541406,0.09828417801920131,8851.060484294941,1.3790646407894447,0.0,25.47856159233469,3.8741112938691593,Moderate,Moderate
40.91128332989949,-74.01793181152148,0.24567128128870777,0.5321016084185738,3659.229213251282,0.7995538742621934,0.642159090630642,25.492263988709293,3.887813690243764,Low,Moderate
40.583952730519364,-74.18782088482813,0.3238740468779907,0.6823358502769789,18805.5256103592,1.161792130028278,29.295333824181682,28.595235937396623,6.990785638931094,Moderate,Hot
40.77327406796807,-74.10055440143026,0.6133754711575977,0.15939602852060425,2929.2727592434403,3.889123934693071,0.0,23.929558206750354,2.3251079082848243,Dense,Moderate
40.8126649546677,-74.05624592100209,0.09584199158865866,0.6616693816163943,42793.04723400088,2.305349829424969,37.76271524550822,35.658461833776585,14.054011535311055,Sparse,Hot
40.582008046865454,-73.89822603726803,0.2711683189252706,0.5255942492560635,1493.4400248524398,4.281633142872678,35.54235891707756,26.68803980568614,5.083589507220612,Low,Hot
40.797960836658945,-73.94020616118148,0.6555647808318805,0.4135168092916459,939.789983273647,0.4550841923195553,20.616445728998087,20.73185706943095,-0.8725932290345781,Dense,Cool
40.63929813502302,-74.06014875924087,0.15749457742097508,0.3878421833865476,6774.724713071943,4.132831380741243,28.968965513429115,25.03701323639544,3.4325629379299087,Low,Moderate
40.7557410266273,-73.70793393049937,0.21529100587369607,0.19802835127914983,23066.18350025485,0.12324507176324896,27.931620175383287,25.10160690826263,3.497156609797102,Low,Moderate
40.75627977867695,-73.92065360842531,0.47415721451008297,0.07048700864611256,376.8303337791626,4.389242984476584,18.246903074506807,24.718153081958093,3.1137027834925632,Moderate,Moderate
40.71324801592971,-74.1265613914571,0.38152711115928184,0.6203746607304907,2218.3390688802365,0.7981922050856397,0.0,26.7610290811114,5.1565787826458696,Moderate,Hot
40.517145556777955,-74.20223413254699,0.3605009054763506,0.17471665617007673,1192.5236828185366,0.7554692536605245,34.50909462592529,22.94885326333768,1.344402964872149,Moderate,Cool
40.84510015855838,-74.17369759893772,0.07370412210912106,0.2653941151591476,3693.3032248670243,1.4352427984645315,41.10845017075452,24.096075968942976,2.491625670477447,Sparse,Moderate
40.61860738460056,-74.12168341715157,0.46675796446695605,0.8536097472017945,3026.090753826725,5.649961036511827,1.8711421363648704,30.761282678627566,9.156832380162037,Moderate,Hot
40.55950544827802,-74.16932731675989,0.5902191651052334,0.45444081225102584,22428.143858094514,0.1,0.0,28.948605748640432,7.3441554501749025,Dense,Hot
40.49534921731241,-74.15486500366254,0.2706645313972792,0.4742693288388162,2533.590664875255,0.8684421783623624,17.948046428639888,22.991726079532775,1.3872757810672454,Low,Cool
40.73751107359146,-74.09981732925075,0.4710113644904713,0.3134506865693747,23439.458653928683,3.8838440659122004,10.606631065453252,29.14218998585778,7.53773968739225,Moderate,Hot
40.77566383208298,-74.16223617230882,0.21396996806413213,0.6539401213400203,1858.1738734545484,1.00854255908933,22.174238603081886,24.01486482541136,2.410414526945832,Low,Moderate
40.48470196229405,-73.75807715726121,0.21801640641877543,0.12442778954676238,11964.782386332123,0.44418045650021726,38.1199105979058,22.378122609840126,0.7736723113745967,Low,Cool
40.702823364263345,-74.21427340629884,0.06670470038045495,0.5429874987104335,4200.64994960583,1.1060547134428191,0.0,30.07769919004611,8.473248891580582,Sparse,Hot
40.577103440242134,-73.96605548664711,0.357678299216583,0.14731604098275777,39927.79983647552,0.9740635827335482,43.719079274287324,25.585152847598348,3.9807025491328183,Moderate,Moderate
40.76140506233824,-74.02981129276088,0.5338410330079569,0.8068785828192674,325.2121393262167,4.940025074816662,13.899973371846201,27.55460684773241,5.950156549266879,Dense,Hot
40.554156102048,-73.71024506673317,0.28798275648486915,0.49905558132100736,520.2000365938408,2.8704178222918606,27.67668467975741,22.2144984083373,0.6100481098717694,Low,Cool
40.78155079231271,-74.19650386535871,0.46528712259981864,0.1903166956890826,46510.50253254142,1.406861979227362,29.280887571566986,31.21202566824356,9.60757536977803,Moderate,Hot
40.6476408994415,-74.03681807681315,0.2299998310604688,0.3858990935271944,992.3762898156259,8.908432085845433,31.030117312966944,26.02841970911054,4.423969410645011,Low,Moderate
40.88974854104191,-73.71745686892905,0.42858287191648725,0.5590633374128854,1091.4855779924922,1.2520148334638839,20.92862156044995,22.136483289102685,0.5320329906371555,Moderate,Cool
40.53793671961307,-73.77554116876304,0.3419507427148736,0.2828914466578092,801.4436162183708,0.12000502122857185,24.433409026801186,19.585659195419087,-2.0187911030464427,Moderate,Cool
40.627537407732326,-73.80260183396064,-0.0003220752940814864,0.30647209493365,16691.734483955745,0.6083664665185401,24.335330759081046,27.181375476840376,5.576925178374847,Sparse,Hot
40.52735104405011,-74.11500969053,0.1438713037808602,0.6480197431948184,454.7799066003258,1.145652000441409,10.54575798830829,24.48493650119677,2.880486202731241,Low,Moderate
40.884450130766226,-74.16362510492517,0.22931574834773558,0.3767833179175969,3083.052998860581,0.3413456331104632,0.0,25.390858628388553,3.786408329923024,Low,Moderate
40.863604783358305,-73.88552903302822,0.27069369380849406,0.6600346529724589,2001.3300576415743,5.896366761707363,1.7122125835220778,31.621117039396214,10.016666740930685,Low,Hot
40.59094590452021,-73.73985763487443,0.375903846020638,0.4471143317654572,14111.895529392932,2.9121370567730347,18.43643030752948,26.82719242633004,5.22274212786451,Moderate,Hot
40.76792497706425,-73.94803657167311,0.04382527029435057,0.5529578489290959,1279.8216439010398,0.6247343846430244,8.197900146554225,25.949408513806112,4.344958215340583,Sparse,Moderate
40.83714121252858,-73.93973999039316,0.06020640648541559,0.669205964868231,5557.529025962184,1.7871246478886538,8.232558914156975,30.054791749900343,8.450341451434813,Sparse,Hot
40.72179939726608,-74.102675680372,0.26717634870632423,0.7161297571432448,514.4898051085733,2.556309353053223,46.98876568529293,24.04838748604027,2.4439371875747398,Low,Moderate
40.710552184592316,-73.82918429822567,0.4861659752675841,0.1877426541249529,50000.0,5.669913308308382,32.88342194989809,34.718657525652,13.11420722718647,Moderate,Hot
40.58386337845438,-74.15459865768092,0.37718316004281094,0.5460476356395981,2081.0159959297716,4.26797031666813,16.218860511350396,27.373204367690686,5.768754069225157,Moderate,Hot
40.51838383838816,-74.07826041062096,0.1193557110980521,0.7776935096902313,3020.402039975166,1.4480056183242822,30.08052418483163,27.48974335879025,5.88529306032472,Low,Hot
40.87235437665105,-74.02140866174501,0.011611349530992104,0.6032328925579563,35672.36356975306,2.9802243107071194,13.695970916136488,37.139094159329645,15.534643860864115,Sparse,Hot
40.8737640287633,-73.975498081429,0.19891787614694376,0.423644314735349,1236.4391058290378,1.6517338228395633,21.660851512797446,24.656020858272296,3.051570559806766,Low,Moderate
40.7560912614917,-74.12366568249969,0.3330190589373342,0.6580605945697215,36354.50882268362,1.609068930614304,26.62442972628374,31.584084581775862,9.979634283310332,Moderate,Hot
40.62664091401964,-74.19494066601821,0.5211578717501115,0.8203850770455872,1608.075238559225,0.24375220794797933,13.73591048342182,27.31135804676363,5.7069077482981,Dense,Hot
40.631122054744495,-73.91794658228787,0.0500700736643431,0.539740838389431,8164.471499327623,0.2696648383650952,9.721241786943565,26.180118441151187,4.575668142685657,Sparse,Moderate
40.79696568983868,-74.09784210990468,0.4913027032851557,0.5720485752262962,1262.662088401184,1.5080615356555207,38.35897727702756,23.12445355259318,1.5200032541276514,Moderate,Cool
40.87230793643113,-73.93436220569119,0.2371884971712749,0.5011500029064978,389.92145924167903,0.6263048644274656,29.2116945079716,23.413172099802033,1.8087218013365032,Low,Cool
40.86789544396151,-74.1728575509763,0.5296970749299362,0.12610336095764943,5551.87798850271,0.1,0.0,22.242185032126923,0.637734733661393,Dense,Cool
40.820701215286526,-73.99028702509372,0.4009517778707222,0.5570973435888679,7784.229457093924,2.5663148997594907,9.977961049525847,26.147833174372806,4.543382875907277,Moderate,Moderate
40.76002233063712,-73.96154228403343,0.40699333838247875,0.15683246790196595,414.1264601620114,0.1,8.280912504584093,22.22029317277224,0.6158428743067113,Moderate,Cool
40.51443841259082,-74.23014618997732,0.5060002272629246,0.5460744777745561,1880.7248154151293,1.809104007779391,10.682928667814032,24.37555494897826,2.7711046505127293,Dense,Moderate
40.548548959944455,-74.07103918977306,0.20228333024181147,0.11247632534917366,18054.286996739942,1.549555404170977,32.936034331383425,24.52656939836523,2.9221190998996995,Low,Moderate
40.87294355378962,-74.1840025199942,0.5773807484321426,0.17620150098778012,7333.281872012766,6.935616293809899,20.288089520055372,23.28983197009653,1.6853816716309993,Dense,Cool
40.744350072062154,-74.22369240399686,0.282181681089254,0.3350113471155029,1647.768944935085,1.3241233191698185,0.0,22.88623440387451,1.2817841054089811,Low,Cool
40.48144854212164,-73.70600921816374,0.45633327694032844,0.2960615068031111,1216.4735843843494,0.13142815460538684,14.251777445620764,20.92382825838602,-0.6806220400795091,Moderate,Cool
40.52206777316963,-74.07900090681262,0.5358670166009979,0.6306007417070505,50000.0,1.6045315771580086,28.126064714242847,31.717884915197587,10.113434616732057,Dense,Hot
40.76947347876137,-73.80662314710102,-0.008226112981719727,0.43442289866011896,340.2232076481602,3.678912212795151,16.705324766993684,28.136161175292575,6.531710876827045,Sparse,Hot
40.47962810920911,-74.1168322661835,0.4685838165941789,0.2034972708534946,2727.6675300491975,10.0,10.32986073254763,29.929489352144873,8.325039053679344,Moderate,Hot
40.54818770423399,-73.87834442909349,0.5158406636342966,0.2660583630180933,331.2769357476403,1.125442317135072,24.968289181077925,19.67783820637333,-1.9266120920921992,Dense,Cool
40.71895261407917,-73.83436069467963,0.454961915169362,0.4368367370557416,21423.033785151678,0.7722038090910907,44.272887341586156,22.689148747776063,1.0846984493105332,Moderate,Cool
40.781972266024326,-73.9263166356224,0.09213578821900636,0.3875884530241771,2949.274779600976,4.7428694555939845,26.92137249437778,25.785852709717776,4.181402411252247,Sparse,Moderate
40.764393346433046,-73.99563038345703,0.13958652106294367,0.49070152708685794,3894.268466372587,0.42451140201113996,39.51412269547548,24.097231270153312,2.4927809716877825,Low,Moderate
40.57612335002454,-74.02900448126593,0.24355227059029746,0.5521912298400676,50000.0,1.9112532614933317,11.335786732026452,37.06973036155646,15.46528006309093,Low,Hot
40.790901293237184,-74.06418729948243,0.3166833155106029,0.6571078087088829,1223.8917093381913,1.0407906155579112,19.874568333139088,26.27941496410547,4.674964665639941,Moderate,Moderate
40.581837048316096,-73.73977206710875,0.21098859883884644,0.5121612523817789,41063.04596491508,0.1,19.571720231964765,33.932057890717836,12.327607592252306,Low,Hot
40.620640947129715,-73.79503293686899,0.5142091465259728,0.3819782592532676,1658.8869234230715,0.8532400300202475,21.78018626101537,23.212421038322983,1.6079707398574534,Dense,Cool
40.806005516532956,-73.71993946501063,-0.07802345127763455,0.28943348937472707,2100.081250385165,0.6163914861660114,26.60779409571374,25.00989567384835,3.405445375382822,Sparse,Moderate
40.76336840216059,-74.18965514123863,0.23581380864325516,0.7636910402413547,50000.0,2.3173052688038545,6.215463184178327,41.31245236389798,19.708002065432453,Low,Hot
40.85122814529954,-73.85076434160372,0.09842646563748603,0.43508534165671453,2341.072493971852,5.943660344404015,29.70999028270218,26.759993185828414,5.155542887362884,Sparse,Hot
40.766881195190614,-73.73484918677408,0.5799062014917721,0.49735947881470727,379.34379076392156,0.624078461461427,0.0,23.89682611434893,2.2923758158834,Dense,Moderate
40.72756944718827,-74.15784508593325,0.3729502245904863,0.31284005819723054,4549.980299654995,3.3369531885235193,0.0,28.41565181431129,6.8112015158457595,Moderate,Hot
40.51863563279793,-74.22194853542219,0.31463557647037943,0.30191800848382183,2300.5298897946323,0.11390236532072819,52.03439151759846,20.457678989980987,-1.1467713084845421,Moderate,Cool
40.639268496506766,-73.84503589324164,0.12150417653231571,0.20696581909859033,5170.081661303215,1.5449046974044705,12.348188907816859,22.480141176480096,0.8756908780145665,Low,Cool
40.5941420822535,-73.93814187166639,0.3851449477776395,0.40063887932363645,2439.6340072511366,0.14632466834957433,30.942790264793032,21.797937548311694,0.1934872498461644,Moderate,Cool
40.584804241015476,-73.78877026242516,0.072312472777283,0.2636301144712811,50000.0,5.437201055091848,45.47435588640434,35.46739297764465,13.86294267917912,Sparse,Hot
40.905719246202025,-74.1810091731789,0.3367760116764712,0.29793660119120374,6871.266759542253,2.9078729810315527,0.0,24.906395936865344,3.3019456383998147,Moderate,Moderate
40.65044161839831,-73.81478415286388,0.5446922996330317,0.602227034356379,594.4003358406857,2.1455961883548436,36.89369270233564,22.884171892879497,1.2797215944139673,Dense,Cool
40.87007889358897,-74.14645081628933,0.5490773490491033,0.13500887881430165,3593.2781661757954,3.473365432829773,29.734154093889067,21.4845883307743,-0.1198619676912287,Dense,Cool
40.755227223164,-74.16766542472094,0.15027011124107006,0.23052666436266045,898.3459721407926,2.0855216319051326,44.6059592139956,23.718713911005626,2.114263612540096,Low,Moderate
40.82727593581903,-74.16732469869596,0.5267616859979856,0.495214631842166,2055.81827751395,6.943952083217025,2.2771525750305948,26.374721759169393,4.770271460703864,Dense,Moderate
40.698660848384904,-73.80399710380672,-0.017783099227547478,0.5057732308576932,760.7759765357573,2.5032328870661464,41.76881985431919,26.897633955758717,5.293183657293188,Sparse,Hot
40.731353090012526,-73.88745431279703,0.24361239653881275,0.6887848820797725,50000.0,5.171451243297829,8.908783525959644,39.11806976032233,17.5136194618568,Low,Hot
40.69420628881907,-73.9668633471815,0.15946975989828235,0.07998384685168966,1056.7179152171955,1.4560234619290395,35.821667214149855,24.21040905059529,2.6059587521297587,Low,Moderate
40.5633459632287,-74.0586214085202,-0.04345026749079206,0.6503581092635909,8361.110464933556,0.24900605784666505,19.459684463683402,33.27958237776957,11.675132079304042,Sparse,Hot
40.79542342113812,-73.76900805784771,0.43202888023818165,0.19032726941881212,1834.9653311153784,1.5023057854796176,31.56153209652708,22.955220982496424,1.3507706840308948,Moderate,Cool
40.60099599394647,-74.03984091848298,0.506461248677415,0.33711603844288646,524.4658106925466,0.271348122859891,20.733037749577296,21.859047707011065,0.2545974085455356,Dense,Cool
40.488103888423126,-73.80286589316724,0.48147164925915686,0.12175215511651744,4009.7090210927745,1.7953966888163175,0.0,27.059885879345273,5.455435580879744,Moderate,Hot
40.761536904658335,-74.01375532658182,0.40159408314114753,0.030530395667502028,5437.299252465237,1.3174646886482801,0.0,24.621838966194993,3.0173886677294632,Moderate,Moderate
40.55536412107499,-74.0485011472803,0.35812219244395227,0.6632417017866369,6890.781612335128,1.9487689191999686,23.148733009752362,24.790221581976052,3.1857712835105225,Moderate,Moderate
40.89138986883216,-74.0006008037464,0.5954188059565486,0.20823542239774,58.36236622697279,0.1,16.04397443552978,19.884427155999106,-1.7200231424664238,Dense,Cool
40.89731935959654,-74.0907201817045,0.2043723390020277,0.5529443792053171,467.65527353911415,0.4334297483602599,25.973314271304403,25.5381103444157,3.9336600459501696,Low,Moderate
40.880123304575044,-73.84141063929553,0.3854171249197872,0.28130253946083034,12535.652688625254,1.3519133036971633,16.21769801234638,26.404726859175778,4.800276560710248,Moderate,Moderate
40.64034385985245,-73.97823011805534,0.1565297296665419,0.7026622074496139,745.8985179919282,6.011709126583529,50.27116074076731,24.403756265467276,2.7993059670017466,Low,Moderate
40.48420400259601,-74.12936276722148,0.48026476978295607,0.3127254025085065,4041.6814120175827,0.9677476840426762,23.458056917424567,20.34034025978028,-1.2641100386852493,Moderate,Cool
40.88604583125112,-73.7565076859115,0.4661693266969551,0.3492949046980369,451.675028228257,1.1045874110419984,13.295784086260019,22.16750034783846,0.5630500493729294,Moderate,Cool
40.665886662089285,-74.04461997461878,0.3385065934666409,0.23412907338899894,8932.053951922577,2.5084006250054114,25.060445995202993,25.03310361615208,3.4286533176865497,Moderate,Moderate
40.902921451343026,-73.95541701649562,0.3972441728327223,0.18315485114075472,12051.017726623939,1.8516357288716034,13.569878046780415,25.893853154085182,4.289402855619652,Moderate,Moderate
40.90158551391469,-73.75265403160411,0.2652654865683276,0.60084118849086,8936.192291469917,0.710284096271927,21.39395351170981,26.69786607981472,5.09341578134919,Low,Hot
40.852894762296735,-73.91033823168286,0.36273387546263935,0.38909020055865084,14028.345195035286,1.058034843218927,1.7377971914624837,26.34193384084459,4.73748354237906,Moderate,Moderate
40.607016402289034,-74.19378906465624,0.00486119946207933,0.051768333837489675,31127.60164772476,0.49103344634791635,19.871221972105918,32.36104967736557,10.756599378900042,Sparse,Hot
40.64692002013057,-73.73401579253715,0.38266107989651943,0.7236418804507847,512.2889404032593,6.764052209028061,12.832214059472378,26.87373803741544,5.2692877389499095,Moderate,Hot
40.85207036280172,-73.908399510749,0.5949785726725274,0.4629108370886999,913.2339612768154,0.27998301502836537,3.158950619469806,24.97789079625518,3.3734404977896517,Dense,Moderate
40.6169090666698,-74.07198823309109,0.23668134755805567,0.20487945749183342,11456.53232978791,0.9299104981882631,49.63603802108963,23.236718802604855,1.6322685041393257,Low,Cool
40.55201070709122,-74.18128869300297,0.3473395686186165,0.11753139821760888,16241.576071691528,0.1,3.743969450897506,27.77088856541287,6.166438266947342,Moderate,Hot
40.722503915734166,-73.81547812675468,0.24034013546930896,0.20224516796466271,1084.0784710446248,0.5014907311418779,20.104463351629065,22.08121470926609,0.4767644108005591,Low,Cool
40.88949533158558,-73.91266535126275,0.1624334974890256,0.43578655864006155,976.6915609169453,3.0325431341863704,7.957879475768642,27.017092006494064,5.412641708028534,Low,Hot
40.783792316496324,-73.96105528791283,0.4602824527386057,0.6307143851880664,1120.6674957404216,0.4492273435460694,24.455592063198125,23.187778489742424,1.5833281912768946,Moderate,Cool
40.72834092707334,-73.75968221384943,0.22580678254470968,0.33114245140114085,268.36756550764363,0.1669010542124146,0.8842229829662394,24.514505549058008,2.910055250592478,Low,Moderate
40.520177092557894,-73.81851073808886,0.46253964128267255,0.9200092164552484,442.69596569363273,1.2866319924783232,32.60535235903327,24.628945802187317,3.0244955037217878,Moderate,Moderate
40.74812618119297,-74.17435924469332,0.316269955653972,0.29655499919735395,459.00496750582914,0.1,50.54234279538262,21.70537124802206,0.10092094955653153,Moderate,Cool
40.913221704815896,-74.08494088072263,0.03767401296772241,0.3739237947029612,1917.6433500842168,0.1771513548516463,7.406911443489953,24.7283130968177,3.123862798352171,Sparse,Moderate
40.53906498350712,-74.12026911758566,0.13232878663530265,0.15999889561214004,4474.969315218047,3.296626413957459,38.25453294021981,22.633399294274145,1.0289489958086158,Low,Cool
40.70556871297052,-73.84345720633965,0.34569236552398963,0.3618485575991256,5711.341692490768,2.9522048455161705,14.271809834064651,24.44812422119323,2.8436739227276995,Moderate,Moderate
40.86361962626269,-74.24036542871312,0.30301260099700866,0.611205739202266,1390.1356622266198,4.93347707764039,42.58686681614128,24.587585223684844,2.9831349252193142,Moderate,Moderate
40.803486345535404,-73.9407026330624,0.21355862644699095,0.7867572177039411,1442.3360363001289,3.8553705734641426,52.827484791439865,24.742188906027522,3.1377386075619924,Low,Moderate
40.78422632918612,-73.83311433227668,0.31033518899543244,0.5721340816288807,3588.5096023248466,2.29881497155753,16.49442482437312,27.326261778277306,5.721811479811777,Moderate,Hot
40.78663349377113,-73.76925103874122,0.15957581129685197,0.08104673210248536,316.0745692146902,0.10750390735716236,0.0,24.377225424143678,2.772775125678148,Low,Moderate
40.635648004766935,-74.06797892699242,0.1151078941497691,0.1608901791556643,12571.162735285754,3.0543211113915625,34.22126581154134,26.118069358413585,4.513619059948056,Low,Moderate
40.606639129845234,-73.80026354387975,0.3612589801067614,0.08580144442577511,20497.904051749214,3.7352623163412564,23.366258119161742,26.852995050572854,5.248544752107325,Moderate,Hot
40.83368078064164,-74.19729004856313,-0.08664091170809557,0.2001088105028608,1166.3436434954024,3.209718279780645,27.526867516664616,26.347327365413587,4.742877066948058,Sparse,Moderate
40.83401191633778,-73.78618710460793,0.19478220714012287,0.23300817341082714,1639.8265630315777,1.42050137158793,14.90232437233452,25.442744536697198,3.8382942382316685,Low,Moderate
40.85908523463896,-74.18787208435512,0.33336403360497024,0.22283223328420015,19244.26430754026,0.5302810098069058,6.732607720089515,26.927328652068873,5.322878353603343,Moderate,Hot
40.87940849123536,-74.03713559076392,0.5721109407480014,0.5060840384894199,2478.5341937570015,3.7329226135010636,37.40522271450462,24.55081517311647,2.946364874650939,Dense,Moderate
40.70249292397859,-73.81365107913896,0.26548271777825116,0.15443717689204847,7203.830438793548,2.5977600687451887,24.79684991834049,27.87515221950173,6.270701921036199,Low,Hot
40.698167472921305,-74.17534113334024,0.5792775665440699,0.5126679312485971,2595.5193470110075,7.901649749058254,0.0,28.971062261220954,7.3666119627554245,Dense,Hot
40.828809537781176,-74.13101724548352,0.13159211217930308,0.5617648916587262,30775.096377226128,0.3384772600602012,30.303128348043405,30.95378426875251,9.349333970286981,Low,Hot
40.763514122328374,-73.8555774900388,0.44552948783112434,0.31393341666372326,6217.476788248611,0.5115002880675316,27.292528969497507,23.02623066604294,1.421780367577412,Moderate,Cool
40.786405819368845,-73.8568155870317,0.27438282640662937,0.6737266736646161,6778.3138673813955,0.47600213390725826,15.120516135146538,25.27736002882445,3.6729097303589207,Low,Moderate
40.827707933085776,-73.90089081750699,0.08994330758269728,0.5714781949326763,6970.622479084935,3.145631217731969,44.297198513634825,26.516701163452087,4.912250864986557,Sparse,Hot
40.869180351468096,-73.87139100407623,0.15917668745462257,0.2329633068365972,1296.3778631750856,0.41382029885646937,10.727402564791035,23.420824896543838,1.8163745980783084,Low,Cool
40.626185468046046,-73.9558798535017,0.45340755491611906,0.45575844372043905,1487.9301835219965,0.13797109264893123,17.465202527677373,23.492306929115305,1.8878566306497753,Moderate,Cool
40.642731615752105,-74.1184198657887,0.43791168387799884,0.29795606102927125,9450.930292940779,10.0,31.52972131952297,25.932117859821773,4.327667561356243,Moderate,Moderate
40.518770849917956,-74.06595964842937,0.46562391603663755,0.5676999624743375,3603.3499886461254,0.1,21.151444254960825,22.819567850747724,1.2151175522821944,Moderate,Cool
40.73195891806652,-74.15764135562304,0.2660520637260315,0.5311186411322782,509.5782833615686,3.6065801051709934,0.0,25.15554468795865,3.5510943894931195,Low,Moderate
40.493221788925325,-73.7515486713829,0.19991896966646386,0.4820242973820013,49496.47020068857,0.9094163005072522,22.756990594901445,32.61122862293999,11.00677832447446,Low,Hot
40.68235624758191,-73.93315900426417,0.3826402306944039,0.12649685666273983,12927.444368889293,3.6854588076922155,13.784153120521509,26.27997296439709,4.67552266593156,Moderate,Moderate
40.71627216819828,-74.03514431345415,0.011850447993953267,0.2526083905536553,3154.040113598381,1.617657063057398,32.854943673743946,23.271719828766642,1.6672695303011125,Sparse,Cool
40.60353545918687,-74.00097735750403,0.26759511514793377,0.23260239006317812,1977.816084453023,4.638063796252413,22.268275159927096,26.33828199389806,4.7338316954325315,Low,Moderate
40.73748480130248,-73.72985279815889,0.2608677739866996,0.07160488626408137,4015.8880552532546,5.212603033718188,21.41761479571086,23.17957114140958,1.5751208429440489,Low,Cool
40.49082621002317,-74.17342257107904,0.281628882299525,0.14824473343112965,6478.732372849759,0.1,4.276232544214224,25.234442314267767,3.6299920158022374,Low,Moderate
40.493840672687405,-73.93157339285221,0.38765612098956037,0.17367247078030398,141.24541318813382,0.15681447288968473,16.549620381289916,20.24966669426118,-1.35478360420435,Moderate,Cool
40.83950876680238,-73.97645999510725,0.0948981094854959,0.3120180046893607,50000.0,0.5763209859422062,34.551516410189805,33.52413666675461,11.919686368289078,Sparse,Hot
40.63595592034924,-73.91748051866267,0.5954330731732825,0.5446957759720279,911.5746933125406,2.213180554897446,8.351954831879436,21.65623880972649,0.05178851126095907,Dense,Cool
40.53333203766936,-74.2489818402993,0.4920661165011746,0.2559203188872047,2972.4492359355804,4.383379383436974,19.511746653684288,22.75422339140667,1.149773092941139,Moderate,Cool
40.707291483076126,-73.7718443720729,0.370513150997691,0.34455929640916183,3141.0120131860313,1.2321572951949953,5.9533092252648565,23.48288077025006,1.8784304717845295,Moderate,Cool
40.81635116207401,-73.7383255155764,0.0190230897737,0.29442284543558056,50000.0,1.8677545260513664,2.2423603842249626,38.648842441990546,17.044392143525016,Sparse,Hot
40.57240441630411,-73.94336009032871,0.503434847486537,0.3585542446043856,2611.8504623012773,0.4177414212591092,18.72711432515971,22.675769754989165,1.0713194565236357,Dense,Cool
40.75159638745553,-73.86988118469998,0.16970040718170834,0.36640423819315304,32298.011425142784,3.2691713044455635,22.607017473160074,29.82544427971736,8.22099398125183,Low,Hot
40.51496995409026,-73.74369959573625,0.6422316449323767,0.6516835140245575,5486.749069495027,6.842480490457863,49.90794408848892,22.995272470036056,1.3908221715705267,Dense,Cool
40.50015029365842,-73.8639657750091,0.17328267105535158,0.3072400530163768,704.2776775227966,0.625586628610212,13.168094242306864,23.435541611150175,1.831091312684645,Low,Cool
40.7113023088163,-74.1738764367238,0.14821595285708886,0.6393893411569495,3648.462781653552,1.3657045175781997,19.247460985491763,28.563792931458437,6.959342632992907,Low,Hot
40.71538758053277,-73.9371276931748,0.2901997462442576,0.3799468093894144,2495.481354986242,0.1801035023252965,1.2488972304361283,27.32962740697962,5.725177108514089,Low,Hot
40.75799664263951,-73.9201283035859,0.11340717437148948,0.35275970191007616,586.3367437945961,1.638040660316842,29.183600223603708,22.06476075327929,0.46031045481376154,Low,Cool
40.79702540510472,-74.02213819394336,0.34094578347741755,0.8127859171318603,5097.900943112573,1.39745923419555,25.97142169029921,27.510371333234414,5.905921034768884,Moderate,Hot
40.906970085379406,-73.84764860555647,0.2831819941211535,0.6609433328257592,3081.4456254785537,0.3119898885710809,42.32592016537143,22.004951992942875,0.4005016944773452,Low,Cool
40.704675413322185,-73.73706914884855,0.3148350100140792,0.06816203889879317,6868.029780883175,1.1670299702871714,36.674332272630636,20.800604708258305,-0.8038455902072243,Moderate,Cool
40.61956543938874,-73.74198487183898,0.2812606249589925,0.44460929630220347,3983.9504022695764,0.8132455121077943,25.271100032634244,24.142254954977105,2.5378046565115753,Low,Moderate
40.82744096293718,-74.00721604319651,0.40549296225572107,0.16219689800660922,1122.5359597091192,1.4755815834322399,12.948927506169493,25.12155216836809,3.517101869902561,Moderate,Moderate
40.59662035700557,-74.19583390378877,0.26288411071495077,0.41821783843593185,9438.0152532279,1.7621094298927211,23.070026568350904,24.36211466310651,2.7576643646409806,Low,Moderate
40.670635219394626,-73.70886922213974,0.5460011770032667,0.2174875572112766,1168.4140315237564,0.1,18.334798068023584,21.639243510708873,0.03479321224334342,Dense,Cool
40.51193649906687,-73.79040763910265,0.23094355379378925,0.4299711420598287,28.516823627252062,2.862633521251403,34.300962998569695,21.981945635248415,0.3774953367828857,Low,Cool
40.488559397251485,-74.18945096001174,0.4921689682387249,0.8054174150123428,3615.478250361068,2.496645723780235,32.39347234943702,22.766333643921783,1.1618833454562534,Moderate,Cool
40.90115783214122,-73.74462564018168,0.5680967304912798,0.5118219363462427,1298.4018086057656,0.9123162797151559,15.553768345178671,22.729314613836813,1.1248643153712834,Dense,Cool
40.845398449049476,-73.7730889025159,0.1554505939851423,0.287307498566976,5288.001983335789,0.10877707641935289,0.0,26.624823410882133,5.020373112416603,Low,Hot
40.78376784552245,-73.96922517748366,0.038508479785474836,0.2887076248477267,50000.0,2.8124435170450837,40.00080950330637,29.58184124129059,7.9773909428250604,Sparse,Hot
40.657421086131166,-73.92875441404931,0.5669119248500479,0.6536705271303919,50000.0,6.209985679201388,28.728109352348074,36.3583041024111,14.753853803945567,Dense,Hot
40.55368415969519,-74.03617718934777,0.24562151265382556,0.5142701715046041,2326.9545154247717,0.5492726680965122,15.207648941409964,22.13124008414296,0.5267897856774297,Low,Cool
40.54626358618381,-74.22850467239013,0.322459348366839,0.6844425924935569,862.8382475775367,0.7817184319512247,28.143100221555066,24.057191457192292,2.452741158726763,Moderate,Moderate
40.587556923772055,-74.07182530109243,0.1538148740447081,0.5046507994145912,7165.4412530203035,0.40622329639624155,21.122919593750435,28.31271692096498,6.708266622499451,Low,Hot
40.71916957780363,-73.81054577826829,0.18721282684186905,0.39881523238357147,1710.7063120536639,1.7204642053909505,39.779268893292105,26.433411205376494,4.8289609069109645,Low,Moderate
40.79196512517257,-74.25651208874733,0.587835242776338,0.5550105353963177,5365.070434626718,0.33646194119216843,0.0,24.324051532155764,2.719601233690234,Dense,Moderate
40.76801888523114,-74.07277401277616,0.5349246133680888,0.8217040041484396,1106.225287024488,0.8807155053540497,14.042135502298514,22.758792752372365,1.1543424539068354,Dense,Cool
40.600626901435604,-74.03664315089074,0.3374455520513304,0.3908047034068518,4341.775409762034,2.3881308493465063,43.98581773218032,24.24492487609003,2.640474577624502,Moderate,Moderate
40.897731696547936,-73.95885707663858,0.2580356438410337,0.26775149985769525,881.8648134790014,1.6424883691326846,28.447976052009682,23.99277821565947,2.3883279171939407,Low,Moderate
40.802222222729476,-73.74517666711019,0.42002098677806066,0.26136880092009346,17612.781235832026,0.9770279937048786,46.58910002471312,21.826716718475893,0.22226642001036367,Moderate,Cool
40.72142665391552,-74.06559649294773,0.19319424648814384,0.5152753040039416,1230.3247819425283,1.090315232023923,1.672893602548033,26.246424876950357,4.641974578484827,Low,Moderate
40.74667947249236,-74.06525724610059,0.3600633628238179,0.3073364888989973,8035.735440492043,1.6515791146585816,36.082950739077305,21.712065356834263,0.10761505836873297,Moderate,Cool
40.66210794748071,-73.84705805268109,0.12029123158085175,0.34726193140439743,447.12986369237314,0.1,35.18336635180749,22.22545126973535,0.6210009712698188,Low,Cool
40.58645118157841,-74.00644583642487,0.094935317902135,0.6659228328142714,9621.551265946135,0.16352642209818383,0.0,30.716230131509317,9.111779833043787,Sparse,Hot
40.63409917314229,-74.13361328542344,0.3569742047145795,0.18761233801631624,699.5406435242419,4.261605554864578,15.56746565700374,23.13482285671287,1.5303725582473398,Moderate,Cool
40.811003857826414,-74.00632204233666,0.3278550813746596,0.3839378261435945,4410.596457644202,0.16215763152751256,18.40206342208875,23.144407657604653,1.5399573591391231,Moderate,Cool
40.48373601369482,-74.1804031827138,0.3059499176683732,0.6630114927229053,13832.849762638578,2.4538251488571516,0.0,31.4858706710626,9.88142037259707,Moderate,Hot
40.52849517635115,-74.16055259063897,0.20743850125286442,0.4622734163992015,2208.40464152049,5.052411618993232,15.880965102193418,25.27030150436536,3.6658512058998305,Low,Moderate
40.497650363017975,-73.98066192537046,0.4001768898401308,0.4226397448768634,636.6688322974501,0.6312952556529727,33.09774711167909,20.903726453787833,-0.7007238446776967,Moderate,Cool
40.49532881878081,-74.02504635136181,0.21374111633242257,0.5431273462513025,6280.587215249731,0.9256316456507637,14.136154107128897,24.34024147336222,2.73579117489669,Low,Moderate
40.853973749081646,-73.74797559507326,-0.018353956663001172,0.4193538422289719,844.3169029240967,1.6829297049483627,23.631997335110395,26.472701916255158,4.868251617789628,Sparse,Moderate
40.78715018969909,-74.05663052856355,0.26433599377361194,0.33304985184388985,1625.5989333141322,4.269214663986224,23.740554240914783,22.060174743226096,0.45572444476056617,Low,Cool
40.68613131956424,-73.93472528869965,0.12297395022767565,0.0744987882994721,4439.042545397904,5.691371572041672,19.817848832918507,27.549925730023638,5.945475431558108,Low,Hot
40.52046659751857,-73.90585394233936,0.44093235932202113,0.5529455067776378,22948.642287704708,2.690790484642117,9.42226963961857,27.811154808301794,6.206704509836264,Moderate,Hot
40.693809308226434,-74.2517841271041,0.5670210056594396,0.12683504453818428,3102.085886147313,0.18120602571681055,29.88220962325847,16.28877360167343,-5.315676696792099,Dense,Cool
40.68582227349761,-73.88838167025426,0.6158165752729926,0.550981420302003,3084.936228860114,2.2122054775616515,0.0,24.557025960328502,2.952575661862973,Dense,Moderate
40.55364346313439,-74.15963130530987,0.2961949619950336,0.07172695124811075,9011.612842722281,1.0562953149271326,20.12882207762274,25.94505096728972,4.340600668824191,Low,Moderate
40.66838149599456,-73.72215001362981,0.15574265635428905,0.22314274567402578,3214.920295793952,1.272403576892371,40.78229510777133,23.36066024017005,1.756209941704519,Low,Cool
40.65282178408172,-74.17604213400433,0.3156878163668376,0.47257639769643084,7733.333571234305,0.10079452945290032,13.289401252381769,22.69460855079807,1.0901582523325395,Moderate,Cool
40.74849721316259,-74.02744950207371,0.3339974859713849,0.34955716868668585,15029.95245037665,0.42406634988670766,9.090181677465841,24.719680720154322,3.1152304216887927,Moderate,Moderate
40.75696822511194,-74.21141514044446,0.37529798009103466,0.3033502769772331,1823.283498394371,3.1261929883147155,30.882742081630667,22.063796246939724,0.4593459484741942,Moderate,Cool
40.497342825101654,-73.70214635549367,0.48922711291964904,0.8317295095988315,21.92185422655671,1.2101218174624542,22.45147640880698,27.798387535587928,6.193937237122398,Moderate,Hot
40.64230447295857,-73.97852364772794,0.209299625866097,0.6012270440078732,874.02533235363,0.7181047974954212,31.18170923085399,22.9402205772982,1.335770278832669,Low,Cool
40.752903534897406,-73.9264583908233,0.40180282707433645,0.08000105389196306,18270.134593409835,0.9690785603136942,20.577477285429083,22.950074311498202,1.3456240130326727,Moderate,Cool
40.698880581026955,-74.22162437208308,0.1296374942293774,0.6980890776053044,2833.7404391753744,3.8537776013634653,0.0,32.93621548063389,11.331765182168361,Low,Hot
40.8544268280911,-73.84009708518798,0.27168091242199854,0.4939199390887846,1792.3889063261347,2.7645968502734566,37.69870115638548,24.05333923381369,2.4488889353481618,Low,Moderate
40.76735693663866,-74.1418257451375,0.658248840931375,0.2698997358245522,17157.273780231713,0.6357751250924022,51.050395737174135,21.577210473319553,-0.027239825145976226,Dense,Cool
40.54912373480125,-73.75735706848947,0.15257397757349458,0.5501497447118708,2560.6403058078827,0.2499971508066893,39.2606151025443,22.70072246372981,1.0962721652642813,Low,Cool
40.50846436260567,-74.14448848286271,0.445621656457344,0.37030266860446626,129.1791488063235,0.5806998470585969,0.0,23.820574741665027,2.2161244431994973,Moderate,Moderate
40.76019296626642,-74.15256277046521,0.24170282876591978,0.5979214410270337,311.70178346341623,5.070458541719151,26.766323187583495,28.548291118111116,6.943840819645587,Low,Hot
40.48907027890043,-74.23867970057327,0.4539601522206911,0.19354354685944616,5585.739054542356,1.7425813768158385,12.998812841374306,23.00087596346641,1.39642566500088,Moderate,Cool
40.73525841087658,-73.99535619776705,0.4675859691647988,0.25552939003301306,2696.375081681368,1.5249096692205288,3.736343695824363,25.40516386453348,3.8007135660679516,Moderate,Moderate
40.891289352275265,-73.94352325884618,0.15449332034866345,0.15907841523475494,26422.85721771299,1.8146302651639847,21.840982424574094,29.307213212938194,7.702762914472665,Low,Hot
40.730723733100966,-74.22238858315139,0.3995578164633339,0.2397038458415632,992.370945410596,0.9115018174703353,17.765790576504187,20.559962965881198,-1.0444873325843318,Moderate,Cool
40.64827240151611,-73.8258127205525,0.04314477909381037,0.26186182340331565,1873.8470769629816,3.2912395066039775,27.629867064197615,25.458939351425204,3.854489052959675,Sparse,Moderate
40.76057547375832,-74.00584752802628,0.07812358188311858,0.46609304009078867,790.9584124033652,1.4816781431654102,20.84870283958181,27.457806043997525,5.853355745531996,Sparse,Hot
40.67912292239437,-73.96612315652668,0.36056690941716396,0.2176206735813734,1365.2716973357574,0.24828923659538374,3.187818396665346,24.503730171029563,2.8992798725640334,Moderate,Moderate
40.71758051065687,-74.01284585328561,0.5322347387191629,0.3735609283404472,174.53829063070347,0.27637615021536954,11.350973348855435,21.961106711006416,0.356656412540886,Dense,Cool
40.89183280882342,-74.03519367788896,0.3794687491740988,0.6203679822450615,1671.493812225511,1.539448103888758,8.930621655124758,23.059846965497336,1.4553966670318061,Moderate,Cool
40.6473623811599,-73.9464289468981,0.162655932983554,0.5096595192535595,2757.822517356581,5.51564356263716,0.0,27.372108714328245,5.767658415862716,Low,Hot
40.90051608619529,-74.17236727459851,-0.029890468309704377,0.321336977588041,2429.6530206944362,0.7373565984471913,0.0,25.64679613092769,4.042345832462161,Sparse,Moderate
40.87593535258906,-74.1574567534923,0.4047174153035594,0.025015809627395337,50000.0,4.073395144352313,16.833969951722086,31.49999280219002,9.895542503724492,Moderate,Hot
40.56358725753425,-73.77762037353975,0.27760695738743046,0.38806492696731,46640.60841069305,2.8886571677581587,41.35631112960918,31.178676245221013,9.574225946755483,Low,Hot
40.507932844645254,-73.73050529130595,0.30595225322669795,0.30590921867968324,966.4705172801911,0.5695391502040152,11.966643804518078,21.45611948272972,-0.14833081573581097,Moderate,Cool
40.52176247620635,-74.0505320849945,0.3690453984489863,0.16776914791901532,138.94733244024505,0.1,8.638538378708155,23.801956519083458,2.197506220617928,Moderate,Moderate
40.485421247651814,-74.1078349511147,0.4661762317480943,0.41119733308068473,2568.813686159382,0.2148302835641935,2.2806978999076115,22.23522861769175,0.63077831922622,Moderate,Cool
40.51897379132476,-73.89929745519237,0.28157481675658,0.6156054247319931,5243.6086148867635,2.607541593508799,20.45804742493026,24.691883228477526,3.087432930011996,Low,Moderate
40.77805958165788,-74.03074021860749,0.5848773499552806,0.22533800132845413,819.9750311074649,0.44546161810964907,37.68889001915189,18.423199652518534,-3.181250645946996,Dense,Cool
40.508737243052195,-74.24491664309257,0.1760141687670924,0.5466670127082689,883.1866404544794,0.9281096625827293,50.04024149612888,23.969414415872087,2.364964117406558,Low,Moderate
40.61781307245531,-74.17185754385152,0.026474824346084114,0.3321219281106466,32010.922573661213,1.3931026000370488,24.280990650825302,34.53385165328319,12.929401354817664,Sparse,Hot
40.84931411188875,-73.85908631574296,0.5358741089940929,0.4369142711241468,2025.7041414714806,2.585376125650853,22.09990613954652,23.696148613711976,2.091698315246447,Dense,Moderate
40.487644306110916,-73.8909591936548,0.06111410529737088,0.6093089756682815,8049.580671376443,0.24034202153455467,11.847903391196853,31.08198239563903,9.477532097173501,Sparse,Hot
40.83592902603565,-74.2439614689883,0.3081067331913493,0.022367734093118933,738.4411817382659,1.0429859876948273,14.351500677634832,20.085298723869663,-1.5191515745958668,Moderate,Cool
40.60147247185525,-74.13508415312806,0.5515196175192043,0.17259024174053622,2736.9222781645676,1.3274599189828142,29.437626365760543,23.130345179829344,1.525894881363815,Dense,Cool
40.52941615711906,-74.12999851114625,0.007850676134095874,0.058803154719198475,1799.9109483980576,1.5566567458677971,15.276870019053808,22.108410404117322,0.5039601056517924,Sparse,Cool
40.7841037001933,-73.88371352415139,0.4290625586894763,0.16843219864326864,1082.4043998983636,3.4114642077856487,17.56576329248879,21.9879704961359,0.3835201976703715,Moderate,Cool
40.754260641152506,-74.24808772255665,0.01856743132242708,0.4467251148274376,16864.2388961287,0.3767070935471425,19.619790878743636,29.972012255878315,8.367561957412786,Sparse,Hot
40.86366318035461,-74.20093453524522,0.32786676473482235,0.9075868512700346,371.17902209057917,3.2987648739481794,11.137578336387858,26.024621873951133,4.420171575485604,Moderate,Moderate
40.80097827348247,-73.812186883102,-0.07744992748115691,0.33458624127894687,4675.471247593554,2.361023217589068,18.87531111383673,26.464616476564508,4.860166178098979,Sparse,Moderate
40.83109230555541,-74.15934709731025,0.09078830880380118,0.6587589771413241,1749.9062897408337,1.6232795997178475,0.0,27.758984656290174,6.1545343578246445,Sparse,Hot
40.60155161884589,-73.89441074954316,0.15200687305107688,0.43263449462405607,5553.794812299302,2.4048005521441764,28.232538245276935,25.404325886465376,3.7998755879998463,Low,Moderate
40.55550888717184,-74.1260272802292,0.0010010271802477072,0.3495890701590213,1785.8237130622947,1.0621169996474238,55.27657758458082,24.58246597249924,2.97801567403371,Sparse,Moderate
40.807820613672305,-74.20354209386535,0.43557570323290196,0.707949661581999,10946.659200825305,0.2979227026854559,11.719345772554004,26.95468855731288,5.350238258847352,Moderate,Hot
40.83256865222545,-74.1232396968886,0.35919928890934205,0.6465405559891603,728.1056072806795,2.1918233188966294,25.607557175025047,23.991830171711143,2.3873798732456137,Moderate,Moderate
40.9134203635087,-73.85556946517225,0.5285347720047241,0.17865432061973752,16921.32242332449,1.4875016642878442,32.77364480369277,18.367812033352873,-3.2366382651126564,Dense,Cool
40.65903430137641,-73.78102238326902,0.08572934406557928,0.7105863374637742,2854.9110278758985,2.0398321772646035,39.20322909076192,26.94839146464717,5.34394116618164,Sparse,Hot
40.641162361365986,-73.79525616166643,0.24980446597286612,0.008723248778751715,406.36273897883416,0.8249757634002646,16.035177668897308,23.12916954096302,1.5247192424974898,Low,Cool
40.81917698531863,-74.03719356200217,0.033858036556578264,0.31658111176975423,8269.44920191076,4.747444323398766,0.0,28.10620472853212,6.50175443006659,Sparse,Hot
40.62742171841938,-73.88584083419798,0.18579597196153916,0.38903510782122475,2212.161530741414,1.7704073056756466,24.00847926273144,24.674172364364217,3.069722065898688,Low,Moderate
40.88711937473069,-74.14457527415118,0.5537305200741535,0.32179775279128203,230.03767751526163,0.1785423680426007,21.929430359816404,20.732790325195246,-0.8716599732702832,Dense,Cool
40.85527329336129,-74.09531836310317,0.4293888108529975,0.3895422254838662,4908.394225447068,1.1949613674133563,14.815004379859959,25.446704592844853,3.842254294379323,Moderate,Moderate
40.666243170850485,-73.75831717819226,0.054332850374880975,0.24855911672623418,13492.558266458282,2.824094720340436,17.99731815673489,27.280366407778533,5.675916109313004,Sparse,Hot
40.807933444041815,-74.25183582533455,-0.04802385960818333,0.3615877354090481,20398.23406288001,3.161065071842482,22.15520667526597,29.68533542866321,8.080885130197679,Sparse,Hot
40.80954977317208,-74.21132638381161,-0.05211798948373414,0.6028674215987535,1689.9803423439892,1.3647985051053626,25.426429881557755,26.827154830625553,5.222704532160023,Sparse,Hot
40.52279512706158,-74.14295394924991,0.46201860053992705,0.45733554708663526,3706.995847561329,4.502787453396694,24.79714565359877,26.487598388217208,4.883148089751678,Moderate,Moderate
40.874703789520346,-74.2442764576957,0.14417797698262508,0.7993290103977019,3215.713415361722,0.6230438258424369,16.73471510748307,29.489511495029472,7.885061196563942,Low,Hot
40.69981209435155,-74.15773202241533,0.653659376276553,0.4125666356941137,27853.222487165065,1.0572959967249387,25.764182524789266,25.736981094010194,4.132530795544664,Dense,Moderate
40.84120657658063,-73.93335467988624,0.3923601683736201,0.35577657751795894,883.832112345781,4.5773034410551015,15.724537275877072,26.418407324310227,4.813957025844697,Moderate,Moderate
40.61828583437368,-74.02365010358398,0.1496308453441688,0.8903325737019298,1484.763562952117,4.531671718084647,29.630382523029795,25.19166218850976,3.5872118900442302,Low,Moderate
40.871609325184025,-73.76036431502129,0.05836032494801993,0.6330561667248291,852.2837709110811,2.314895924471532,10.588357467852486,29.788004679537835,8.183554381072305,Sparse,Hot
40.64872657897878,-73.80239428205674,0.47907483260275685,0.520700821032173,339.09293533169904,3.917714868895767,21.095872882243437,22.530545754440094,0.9260954559745649,Moderate,Cool
40.48217073418163,-74.0681266456064,0.16891601984615864,0.09668200713215931,4322.895760370831,0.18592705799239387,0.0,27.836843306687843,6.232393008222314,Low,Hot
40.875949146019764,-74.11416012774194,0.46431721486410793,0.7445615980684052,32923.68207336033,4.004886575920747,14.451342958142792,31.298510208415895,9.694059909950365,Moderate,Hot
40.51758439512126,-74.04696585155695,0.2960029222637379,0.5851536624991374,2213.3739670204027,0.7731490477531832,28.512330816949678,22.841771584620158,1.2373212861546286,Low,Cool
40.617961863267304,-73.92930221561699,0.3342824224183366,0.1945835226985963,794.05685754756,0.39283653012841513,4.493976999378971,24.242709288677474,2.638258990211945,Moderate,Moderate
40.89561727789577,-74.10933284387227,0.487178619850531,0.4822401489106934,3945.336602028017,0.5472160531188465,15.198492854748746,24.52726919832162,2.9228188998560896,Moderate,Moderate
40.89585726608191,-73.91038800518469,0.049327135010137135,0.1914867404698179,7213.267143128637,1.0824614455456292,0.0,27.068689395985572,5.464239097520043,Sparse,Hot
40.72982735835187,-74.03036170992075,0.43703658703327164,0.6955025307666252,2357.731704923941,0.578545352528409,0.0,26.994647557217114,5.390197258751584,Moderate,Hot
40.755534740797145,-73.950671240058,0.2613743006888072,0.6944402438921626,24472.44324333808,0.772995029348238,3.4028816582914736,32.75941477834783,11.154964479882302,Low,Hot
40.674805718774856,-74.0154361081721,0.4589083658872595,0.6895769302017515,881.3520585740267,0.29000180153214666,21.526265761574578,24.22451137452291,2.620061076057379,Moderate,Moderate
40.60647138170149,-74.09458198014393,0.4643029567700183,0.28972836429483223,1938.2592302250785,0.7024560835871664,25.00113518589069,20.655880524520782,-0.9485697739447474,Moderate,Cool
40.62207813287184,-73.72919913740024,0.11359016413961173,0.6268380224172766,4647.021971901918,1.6985908428983458,19.159166510897045,28.47290652225516,6.868456223789629,Low,Hot
40.77344262436511,-73.83247344280295,0.3905791526336655,0.12182935272213963,5374.633308137216,1.1662683581641082,14.261099256689327,24.94784941782882,3.3433991193632906,Moderate,Moderate
40.808595267858465,-74.18081876869928,0.09088895285555434,0.3940332546302998,3199.7953654534513,0.8514951103807854,14.313473774768791,24.433214436913328,2.8287641384477986,Sparse,Moderate
40.82585309504812,-73.77388694186584,0.2504959300653373,0.3287674926968224,438.066233273781,2.7444052659574787,30.740686235607413,22.094294718418276,0.4898444199527461,Low,Cool
40.824989906458164,-73.986772189538,0.3227567714651389,0.29094850937461525,50000.0,4.479407852644626,23.192297703245792,34.12499448906519,12.520544190599658,Moderate,Hot
40.517548926562036,-73.75931367083427,0.42858469675861044,0.16375132482375454,2092.3542102821602,2.8276536322965056,14.990816055419563,21.30271036653432,-0.30173993193120907,Moderate,Cool
40.69504381813008,-73.81222086850224,0.44802129515243816,0.4159715006303275,3517.1324013744947,0.8069363130408275,39.399492428618885,18.373498435154993,-3.230951863310537,Moderate,Cool
40.50273736615933,-74.02153321505304,0.06799830322970676,0.19481573737615598,7518.648197088499,2.728613091958098,49.24962561494151,25.207666086144812,3.6032157876792823,Sparse,Moderate
40.71930261399891,-74.24654639744155,0.4080695032162518,0.294732849761181,1147.3864192909662,0.329702547478611,1.3138632464949467,20.4236009067457,-1.1808493917198284,Moderate,Cool
40.67176172670456,-74.10898995931163,0.29647050363029126,0.5393806027375769,3246.6845991525665,0.27925527539884,27.83765105315767,23.26614499331079,1.6616946948452593,Low,Cool
40.8681673812502,-73.95648896426897,0.6117057692462687,0.3867538705202503,1079.458325158093,0.848155620622842,66.34834411529577,17.57042861260282,-4.034021685862708,Dense,Cool
40.63187278852543,-73.90517571858314,0.1735161029772507,0.3170819429765318,5559.848352883054,3.2974218919703326,24.203083115752914,26.25478482328078,4.65033452481525,Low,Moderate
40.52893290063143,-74.11501815014847,0.2097130652207174,0.20993918885344476,1970.3491256387515,0.5656497680728125,21.731639542464148,22.50478731730424,0.9003370188387088,Low,Cool
40.54034493843966,-74.18124176141552,0.6517169784780757,0.49412742588368946,4460.7749742276665,0.13068496076961833,19.163990901595795,20.145967747745853,-1.4584825507196761,Dense,Cool
40.81261698008203,-73.79262447670024,0.5067577735295216,0.5168590286951638,620.294261192401,0.2824579668823495,27.35272276236112,22.092909263100257,0.48845896463472727,Dense,Cool
40.749539591471816,-73.70911450164093,0.048128655415325905,0.253830901689093,859.7359859126499,3.914376577120959,31.32348749824824,23.65215124502983,2.0477009465643015,Sparse,Moderate
40.52191420202926,-73.96539689514749,0.22619678119043948,0.31593280348900604,384.6327506843874,2.0090600052735197,1.3284968874622614,26.433528314915325,4.829078016449795,Low,Moderate
40.514423816051824,-74.16318278299656,0.39729828357243147,0.4169533372854457,1026.8024971947073,0.5839188502447866,19.60274557566757,23.07175559447994,1.467305296014409,Moderate,Cool
40.78596661166831,-74.10696189667364,0.4904483366913257,0.18431842837189058,62.784839459705076,1.620691987791671,0.0,23.23177620207122,1.6273259036056906,Moderate,Cool
40.50943027540152,-74.24882512901293,0.15543609453827725,0.4494429931609411,1880.606652869876,1.4997721186355737,16.860250750677498,24.932673378714323,3.3282230802487938,Low,Moderate
40.839182798099614,-73.74828125677465,0.5476959844102459,0.1781884297527615,1337.60983102852,2.130950733450333,6.459671092668909,25.427106590900763,3.8226562924352336,Dense,Moderate
40.78828782839429,-74.19331246998928,0.03208758061504946,0.2162864333178975,3738.2259966753127,0.5310260748039098,25.087663687032265,25.08271977382634,3.478269475360811,Sparse,Moderate
40.51320973323857,-73.93700024513019,0.08257413310584447,0.013173640116984471,3187.243088880418,3.9961358663514077,0.0,26.63590194047747,5.031451642011941,Sparse,Hot
40.514745561740305,-74.10598534820205,0.5275705399313431,0.20239953158707039,19645.815691656022,0.7402979448887466,12.315240343113578,25.458026806128604,3.8535765076630746,Dense,Moderate
40.911718742456216,-73.94948074999444,0.2880021903914194,0.07871278629872085,50000.0,2.3692010227254054,34.49816375780918,29.74135086435629,8.136900565890759,Low,Hot
40.64215400429185,-73.89515142902782,0.32916252764994414,0.2630776784835085,16420.87252811618,0.1,9.855002728336247,25.714383334774247,4.109933036308718,Moderate,Moderate
40.640556673138846,-73.79552325426879,0.5038988857951471,0.2571377378662631,1510.7154354864367,0.9325240910777582,0.0,26.86792037165185,5.263470073186319,Dense,Hot
40.83519436950675,-74.14377243546735,0.1552700489130274,0.08728053973411891,1422.1340512504305,0.8668337421513528,23.86299729693477,21.461995589069318,-0.14245470939621185,Low,Cool
40.89437882376438,-74.25295663052852,0.038568992636788035,0.3446879813302094,10970.822893461687,1.5682649381727927,11.202065103610458,28.501007433908015,6.896557135442485,Sparse,Hot
40.91143766829483,-74.18262199848056,0.3997944162352076,0.7307712075689045,238.6463999176473,0.15103449325716037,17.211718458906553,23.904189321628568,2.2997390231630384,Moderate,Moderate
40.80903707715099,-73.75625958479947,0.48613760540493145,0.8296486521715151,1857.8879499647194,3.1225470663983352,9.051956203061115,25.556995658438467,3.9525453599729374,Moderate,Moderate
40.64302946955071,-73.77085761366583,0.3023439424701323,0.08795395760385215,2085.5139391056705,0.49124054613956053,49.615951167200436,19.441727635362632,-2.1627226631028975,Moderate,Cool
40.51415701549076,-73.92532529981744,0.2943635672504855,0.46348544068645253,7159.512902247932,2.2604400731025622,0.0,28.042834988097017,6.438384689631487,Low,Hot
40.81950007239126,-73.92359123007571,0.08369563659116874,0.4821572919256301,7486.072096117687,3.251257796223046,62.50243417841409,25.46251952181797,3.858069223352441,Sparse,Moderate
40.7232095507337,-73.887544009931,0.20860682373580489,0.5346341368481178,975.7039294411582,1.6505109724676172,14.14045203872972,27.36116817994634,5.75671788148081,Low,Hot
40.66414252847052,-74.16112006663309,0.6271607660949102,0.29538910945446706,1601.091731035075,2.7009527592556313,22.75169864327203,22.50163496803814,0.89718466957261,Dense,Cool
40.8763772003187,-73.74821804581173,0.22285528351159836,0.5144731094696574,5811.862591756588,2.168592382808665,11.378053735932744,26.03555466561105,4.431104367145519,Low,Moderate
40.52634913171117,-74.0251329077428,0.24980141640201012,0.5625250545680979,899.3020982504515,0.8786533812921649,10.75049660216819,26.882317645076505,5.277867346610975,Low,Hot
40.694253570908835,-74.045040504267,0.2930843454626981,0.7886233833318019,18200.014179562495,3.309482983473816,8.227551448510503,32.856961978522726,11.252511680057196,Low,Hot
40.482397874426624,-73.96918067805848,0.19486716762831627,0.44153073626148504,7433.579985685386,0.6982679540868602,29.018869430654533,23.49261561034715,1.8881653118816217,Low,Moderate
40.68370441460581,-74.23286011436278,0.5329995181229872,0.06774031717695453,3855.5321666449004,1.693589590065348,0.0,22.282422623098626,0.677972324633096,Dense,Cool
40.502184701955144,-74.16619748187598,0.4647567571608139,0.32339003709360803,5358.347463189453,2.7361054257143445,25.461628163640032,20.931677409687744,-0.6727728887777857,Moderate,Cool
40.52970364674121,-73.84676061850259,0.19517640599985084,0.443256586355564,1479.8027407361956,0.9527064017546638,0.0,27.874875967729576,6.270425669264046,Low,Hot
40.52913505383128,-74.21284038423023,0.27478259606415767,0.2771090197782022,1165.1007776959766,0.7212730114811704,24.102931567126454,23.645290558889045,2.040840260423515,Low,Moderate
40.763182374991494,-73.92211891644114,0.2632818925820597,0.5438781940783874,1576.4277929195953,1.2299515598638582,32.73713908898287,25.95910565210894,4.354655353643409,Low,Moderate
40.80580895585264,-74.12202345242105,0.2985867052123804,0.1431842764484858,6310.372823825636,3.407096063039529,0.8822133903894596,26.004615512516303,4.400165214050773,Low,Moderate
40.73419893039577,-74.04160054043476,0.20267930895157296,0.8121961524981028,4030.0032889740187,5.31628598342503,30.181139025781157,29.37497657015093,7.7705262716854016,Low,Hot
40.900948355838494,-74.09780680926622,0.1646707702858334,0.3056266819321865,1581.1825737515533,1.575282403608108,20.770781159364823,26.024796181462296,4.420345882996767,Low,Moderate
40.64241802910634,-74.06038565331103,0.5152167242761477,0.14910561162376085,9176.238176744357,2.166262710101634,43.97639683036759,19.162801890064276,-2.441648408401253,Dense,Cool
40.60317046038128,-73.85736905277356,0.5850274550244998,0.1946040999178858,2296.359602551066,4.6717382687833995,7.171904265333653,22.206407875703317,0.601957577237787,Dense,Cool
40.859757336229,-74.09309809748133,0.1564105697543063,0.7080474930981832,1053.6692566549452,0.20749441639451396,62.239788555840946,21.003174802884555,-0.6012754955809747,Low,Cool
40.57582688811627,-73.94264972746613,0.2596049769673433,0.2033709674054612,4365.6058851635025,0.5281357319977935,0.0,24.75663182941779,3.1521815309522587,Low,Moderate
40.90141056186176,-73.99313064029137,0.41317213215770265,0.4652705413688146,652.2681383782234,2.468176899412562,15.057442990458114,23.039212435818147,1.4347621373526174,Moderate,Cool
40.48275039975846,-73.8883069199119,0.029436615003536837,0.7495478914809749,237.26184799294876,3.4716408320184526,0.0,30.02532564952353,8.420875351058001,Sparse,Hot
40.904340659516706,-73.73569322463926,0.5111942697985771,0.18586218244457542,2958.220359629624,3.8902273292945897,47.76581265274649,21.10716816112727,-0.4972821373382601,Dense,Cool
40.496398993240646,-73.84981196928864,0.1511014260803665,0.6946082232076677,1111.959784828142,1.0726533136680023,16.07448509276245,26.965588087885017,5.361137789419487,Low,Hot
40.86968119864989,-74.13901281048135,0.4018585577184526,0.5743503954231751,2036.053126702442,0.18717112067365418,17.42472383946076,24.449605273011827,2.845154974546297,Moderate,Moderate
40.70969402821979,-74.24167798244126,-0.021244045799641204,0.07230046299655643,699.1746883288099,1.1517293484713684,26.648571471278192,22.82852242697223,1.2240721285067018,Sparse,Cool
40.91450310325172,-74.11257307844969,0.3949957628877585,0.5455001374346956,18276.99071162022,0.5246384655012079,19.927922205090688,26.11341173229817,4.508961433832642,Moderate,Moderate
40.509885247796525,-73.92662996011776,0.39708284864124355,0.6599684969202565,1105.177112714875,0.6883537565763499,11.093576653979978,25.667336662135337,4.062886363669808,Moderate,Moderate
40.72120665599346,-74.23036839800635,0.3841822366694615,0.060824570760624266,1559.313489801138,2.9591676680266468,1.1502912405642753,24.15700043113028,2.552550132664752,Moderate,Moderate
40.90408697617953,-73.98178017768868,0.11253932879326559,0.35862181418618133,5254.419974937999,0.15706305322214473,22.52770103500144,26.2950416903316,4.6905913918660715,Low,Moderate
40.7076676710037,-73.92564390031013,0.19043260644742369,0.39324012749801274,378.0696933308601,3.515657958718319,25.682504490342176,27.05356187940579,5.4491115809402615,Low,Hot
40.754461280507144,-74.07235793820057,0.31810072971774284,0.2853422555881366,338.38196795487244,1.1160758671896953,30.43065854602594,20.712777861955495,-0.891672436510035,Moderate,Cool
40.78366857289103,-73.82839135176721,0.20617119219462962,0.2834627291320049,5278.668957514576,1.812997317683196,48.69090275459783,23.436325818765397,1.8318755202998673,Low,Cool
40.67748897671078,-74.19954355597416,0.12929366853872698,0.12919304823840808,1529.3201271773619,0.18785717799965532,0.0,23.520892304016186,1.9164420055506568,Low,Moderate
40.753651066853,-74.21712052134421,0.5212223323436989,0.4610834670839732,771.0531746931862,0.823044063656382,18.984242039709432,25.374698630755056,3.770248332289526,Dense,Moderate
40.73461516010855,-73.85226094190905,-0.04662955782233244,0.012638171280138869,7369.165573371289,0.1879641460900021,37.87606753732142,22.049617844539117,0.44516754607358777,Sparse,Cool
40.87408975621813,-73.9822690016356,0.5696664211419281,0.3877699432357372,881.9342540526708,6.5164666845752155,18.132163633417033,25.426637974670573,3.8221876762050435,Dense,Moderate
40.497405496626314,-73.87448958111582,0.08875709447940539,0.3266466860836787,1974.8180582302193,3.292843411710783,0.0,26.660348170051268,5.055897871585739,Sparse,Hot
40.6010799960585,-74.0161619659221,0.3222746512526591,0.3323245378630786,777.2828388085153,1.2310125721028553,0.6344063772511888,24.89513590402501,3.2906856055594815,Moderate,Moderate
40.8957711352905,-74.12143518402931,0.3566069697075789,0.5291236823961698,4699.238622556356,0.5061814198461073,24.92854774515979,26.340569709865008,4.7361194113994785,Moderate,Moderate
40.86929411766878,-73.80146753511542,0.11891440309981957,0.3528483290025047,21984.969385034932,5.4197569001582675,24.382959423250114,29.607794905998468,8.003344607532938,Low,Hot
40.67798010257627,-73.81246634842003,0.21060535685118706,0.43534049555240084,182.80867351403353,0.845008697079072,30.087795475115314,26.68376590606506,5.079315607599529,Low,Hot
40.750382369552234,-73.87097308173364,0.4499358062725046,0.3300229720129927,3529.7648505236903,0.3510520337826965,8.284865846777237,23.425730388552715,1.8212800900871855,Moderate,Cool
40.599503196748294,-74.10705251182962,0.25964604973783445,0.2598162800006217,10773.909063396164,1.6563966592198696,23.898248523789466,26.538453378985277,4.934003080519748,Low,Hot
40.5602109345104,-73.92933812642025,0.6428988800943009,0.36090929000666316,1584.118498192652,5.756756271982622,5.812050381555128,25.240678357015305,3.6362280585497757,Dense,Moderate
40.68152003785458,-74.0574238837796,0.12906946128228977,0.6708091821717577,546.4465171756796,0.1,23.899369904655366,26.44721181413638,4.842761515670851,Low,Moderate
40.63294565077707,-74.20793309563241,0.13702836971585217,0.48734062438587994,5605.17350649651,0.543945146018918,20.798182956553095,24.001835191527256,2.3973848930617265,Low,Moderate
40.734325420436754,-73.74659690538925,0.10161040863786694,0.02399202252853571,13392.903486084288,5.575734181887273,7.687099697556436,28.31952749500606,6.7150771965405305,Low,Hot
40.51161878719199,-74.18265943090557,0.1753745460044727,0.4945744627689138,11336.504294284085,0.37527765737964025,43.37275446144031,26.476079343705862,4.871629045240333,Low,Moderate
40.906328594334646,-73.72820239042032,0.2844145993479138,0.5369223696946723,5160.888362189496,0.24036960136219312,0.0,26.58209809384872,4.9776477953831915,Low,Hot
40.91152996971992,-74.00991657464839,0.6686005994322736,0.06392391212329511,3452.557730182307,1.6888111013665825,17.87568525484209,19.990335372593847,-1.6141149258716823,Dense,Cool
